id,title
HVT-0094,B. family Holocaust testimony
HVT-1185,Magda F. Holocaust testimony
HVT-0036,Celia K. Holocaust testimony
HVT-0108,Anna G. Holocaust testimony
HVT-0882,Sidney L. Holocaust testimony
HVT-0780,Barbara T. Holocaust testimony
HVT-0049,Count Stanley M. Holocaust testimony
HVT-0295,Rabbi Baruch G. Holocaust testimony
HVT-0107,Edith P. Holocaust testimony
HVT-0018,Hanna F. Holocaust testimony
HVT-0511,Moses S. Holocaust testimony
HVT-0051,Peter G. Holocaust testimony
HVT-0216,Reverend John S. Holocaust testimony
HVT-0009,William R. Holocaust testimony
HVT-0099,Heda K. Holocaust testimony
HVT-0035,Zoltan G. Holocaust testimony
HVT-0003,Sally H. Holocaust testimony
HVT-0206,Bessie and Jacob K. Holocaust testimony
HVT-1270,Isabella L. Holocaust testimony
HVT-0065,Irene W. Holocaust testimony
HVT-0756,Chaim E. Holocaust testimony
HVT-0210,Alex H. Holocaust testimony
HVT-1095,Luna K. Holocaust testimony
HVT-0224,Martin L. Holocaust testimony
HVT-0836,Pierre T. Holocaust testimony
HVT-0037,Leopold P. Holocaust testimony
HVT-0938,George S. Holocaust testimony
HVT-0628,Leon H. Holocaust testimony
HVT-0192,Victor C. Holocaust testimony
HVT-0076,Bronia K. Holocaust testimony
HVT-1136,Helena B. Holocaust testimony
HVT-0152,Menachem S. Holocaust testimony
HVT-0134,Millie W. Holocaust testimony
HVT-0082,Joan B. Holocaust testimony
HVT-0299,Myra L. Holocaust testimony
HVT-1123,Arne L. Holocaust testimony
HVT-0048,Paul D. Holocaust testimony
HVT-0113,Nathan A. Holocaust testimony
HVT-0934,Julia S. Holocaust testimony
HVT-0011,Schifre Z. Holocaust testimony
HVT-0002,Leon W. Holocaust testimony
HVT-0285,Hanna H. Holocaust testimony
HVT-0055,Sigmund W. Holocaust testimony
HVT-0158,Leo G. Holocaust testimony
HVT-0250,Vera B. Holocaust testimony
HVT-0927,Irving F. Holocaust testimony
HVT-0205,Hans L. Holocaust testimony
HVT-0257,Mira B. Holocaust testimony
HVT-0845,Eva K. Holocaust testimony
HVT-0729,Leo L. Holocaust testimony
HVT-0804,Sol R. Holocaust testimony
HVT-0026,Michael R. Holocaust testimony
HVT-0838,Peter C. Holocaust testimony
HVT-0061,Joseph K. Holocaust testimony
HVT-0738,Abraham P. Holocaust testimony
HVT-0166,Martin R. Holocaust testimony
HVT-0120,Jacob F. Holocaust testimony
HVT-0640,Pola J. Holocaust testimony
HVT-1170,Elly M. Holocaust testimony
HVT-8041,Paul D. edited testimony
HVT-1681,Sonya S. Holocaust testimony
HVT-0071,Eva L. Holocaust testimony
HVT-0503,Munci K. Holocaust testimony
HVT-1125,Max B. Holocaust testimony
HVT-2342,Arthur R. Holocaust testimony
HVT-1394,Abe L. Holocaust testimony
HVT-4298,Edith M. Holocaust testimony
HVT-1126,Lorna B. Holocaust testimony
HVT-0664,Fred B. Holocaust testimony
HVT-3022,Sara F. Holocaust testimony
HVT-0987,Simon R. Holocaust testimony
HVT-0978,Daniel F. Holocaust testimony
HVT-0153,Daniel F. Holocaust testimony
HVT-1989,Robert B. Holocaust testimony
HVT-0358,Ben N. Holocaust testimony
HVT-0211,Judy F. Holocaust testimony
HVT-2687,Kristine K. Holocaust testimony
HVT-0337,Hannah T. Holocaust testimony
HVT-3498,Milan K. Holocaust testimony
HVT-3756,David H. Holocaust testimony
HVT-3757,Livija A. Holocaust testimony
HVT-3752,Jelica S. Holocaust testimony
HVT-3556,Josif L. Holocaust testimony
HVT-2199,Jas?a A. Holocaust testimony
HVT-2298,Sonia P. Holocaust testimony
HVT-2205,Ivona F. Holocaust testimony
HVT-3591,Hugo R. Holocaust testimony
HVT-2195,Josif V. Holocaust testimony
HVT-2197,Tirca G. Holocaust testimony
HVT-2219,Rea Z. Holocaust testimony
HVT-2212,Cadik D. Holocaust testimony
HVT-2189,Josif P. Holocaust testimony
HVT-3592,Majer A. Holocaust testimony
HVT-2215,Moric L. Holocaust testimony
HVT-2214,Ras?ela P. Holocaust testimony
HVT-2210,Rasela K. Holocaust testimony
HVT-2202,Lea S. Holocaust testimony
HVT-2192,Isak S. Holocaust testimony
HVT-3507,Nisim A. Holocaust testimony
HVT-2209,Jelena H. Holocaust testimony
HVT-3755,Mirko L. Holocaust testimony
HVT-1305,Zlatko V. Holocaust testimony
HVT-2211,Misa D. Holocaust testimony
HVT-2196,Samuel G. Holocaust testimony
HVT-1306,Shalom M. Holocaust testimony
HVT-3762,Vukica K. Holocaust testimony
HVT-3583,Rahela R. Holocaust testimony
HVT-3501,Flora S. Holocaust testimony
HVT-3502,Sofia L. Holocaust testimony
HVT-3009,Germain C. Holocaust testimony
HVT-3008,Laura S. Holocaust testimony
HVT-2780,Esther G. Holocaust testimony
HVT-2775,Victoria B. Holocaust testimony
HVT-2786,Sarika N. Holocaust testimony
HVT-2785,Bienvenida M. Holocaust testimony
HVT-2783,Vida K. Holocaust testimony
HVT-2789,Samuel P. Holocaust testimony
HVT-2191,Aleksandar D. Holocaust testimony
HVT-1325,Ivan I. Holocaust testimony
HVT-2194,Djordje L. Holocaust testimony
HVT-3510,Aca S. Holocaust testimony
HVT-2190,Marko A. Holocaust testimony
HVT-2218,Eugen V. Holocaust testimony
HVT-3586,Nandor G. Holocaust testimony
HVT-3504,Andreja P. Holocaust testimony
HVT-3503,Nikola R. Holocaust testimony
HVT-2200,Maksim S. Holocaust testimony
HVT-2213,Eta N. Holocaust testimony
HVT-3590,Moric L. Holocaust testimony
HVT-3588,Matilda B. Holocaust testimony
HVT-3581,Bernat F. Holocaust testimony
HVT-3712,Dragutin B. Holocaust testimony
HVT-2216,Aleksandar A. Holocaust testimony
HVT-3713,Vladislav H. Holocaust testimony
HVT-3582,Tugomir B. Holocaust testimony
HVT-3754,Judita K. Holocaust testimony
HVT-2553,Hanka J. Holocaust testimony
HVT-3809,Marek H. Holocaust testimony
HVT-3292,Mikhail V. Holocaust testimony
HVT-0530,Hadassah R. Holocaust testimony
HVT-3326,Shimon S. Holocaust testimony
HVT-3175,Tushia Z. Holocaust testimony
HVT-0034,Rosalie W. and Jolly Z. Holocaust testimony
HVT-0445,Henry N. Holocaust testimony
HVT-2838,Hanan L. Holocaust testimony
HVT-1190,Sarah F. Holocaust testimony
HVT-3020,Hana A. Holocaust testimony
HVT-2536,Fela M. Holocaust testimony
HVT-0201,Klara A. and Donald W. Holocaust testimony
HVT-1356,Simon S. Holocaust testimony
HVT-3737,Edith F. Holocaust testimony
HVT-3415,Rudolf R. Holocaust testimony
HVT-3389,Willi F. Holocaust testimony
HVT-3423,Mordechay W. Holocaust testimony
HVT-3721,Sara W. Holocaust testimony
HVT-3716,Hertha B. Holocaust testimony
HVT-1319,Philip K. and Isabella L. Holocaust testimony
HVT-3731,Jacques S. Holocaust testimony
HVT-3739,Ernst W. Holocaust testimony
HVT-0972,Jolly Z. Holocaust testimony
HVT-0240,Bertha B. Holocaust testimony
HVT-3163,Arnold M. Holocaust testimony
HVT-0945,Rosalyn O. Holocaust testimony
HVT-0058,Helen K. Holocaust testimony
HVT-3170,Helena M. Holocaust testimony
HVT-2697,Eva W. Holocaust testimony
HVT-2457,Eva F. Holocaust testimony
HVT-0403,Selene B. Holocaust testimony
HVT-3042,Ben A. Holocaust testimony
HVT-0097,Walter K. Holocaust testimony
HVT-0862,Jacques F. Holocaust testimony
HVT-0139,Rachel G. Holocaust testimony
HVT-0880,Christa M. Holocaust testimony
HVT-1219,Edmund M. Holocaust testimony
HVT-0754,Marion P. Holocaust testimony
HVT-0131,Helen R. Holocaust testimony
HVT-2337,Peter S. Holocaust testimony
HVT-2804,Anna W. Holocaust testimony
HVT-0251,Ludwig H. Holocaust testimony
HVT-0777,Klara and Dori L. Holocaust testimony
HVT-1477,Toman B. Holocaust testimony
HVT-1624,Margit W. Holocaust testimony
HVT-0970,Celia K. Holocaust testimony
HVT-0220,Jolly Z. Holocaust testimony
HVT-0753,Leo G. Holocaust testimony
HVT-0091,Israel A. Holocaust testimony
HVT-0442,Sara W. Holocaust testimony
HVT-0955,Guta T. Holocaust testimony
HVT-1682,Mania K. Holocaust testimony
HVT-1683,Meyer K. Holocaust testimony
HVT-1884,Regina N. Holocaust testimony
HVT-4017,Hersz D. Holocaust testimony
HVT-3391,Theodor G. Holocaust testimony
HVT-1088,Jakob S. Holocaust testimony
HVT-3159,Raquel F. Holocaust testimony
HVT-2316,Tadeusc D. Holocaust testimony
HVT-3184,Edwin O. Holocaust testimony
HVT-3358,Eli�Áka K. Holocaust testimony
HVT-1792,"Jacques F., David I., and Paul S. Holocaust testimony"
HVT-1874,Felicja N. Holocaust testimony
HVT-3500,Perla B. Holocaust testimony
HVT-3250,Yitzhak F. Holocaust testimony
HVT-3173,Samuel W. Holocaust testimony
HVT-3284,Borys K. Holocaust testimony
HVT-2954,Norbert S. Holocaust testimony
HVT-3611,Liubo?v A. Holocaust testimony
HVT-1312,Dorothy F. Holocaust testimony
HVT-1311,
HVT-1151,Merle W. Holocaust testimony
HVT-1313,Elsa K. Holocaust testimony
HVT-1314,
HVT-1309,Alexandra L. Holocaust testimony
HVT-1310,Leo B. Holocaust testimony
HVT-1155,Kay F. Holocaust testimony
HVT-1150,Ann J. Holocaust testimony
HVT-1157,Terry D. Holocaust testimony
HVT-1152,Czes?aw M. Holocaust testimony
HVT-0119,Gina E. Holocaust testimony
HVT-0227,Janet B. Holocaust testimony
HVT-1764,Bruno G. Holocaust testimony
HVT-4044,Leon G. Holocaust testimony
HVT-0353,Louis C. Holocaust testimony
HVT-2622,Lisa O. Holocaust testimony
HVT-2442,Henry F. Holocaust testimony
HVT-3723,Sonja S. Holocaust testimony
HVT-2331,Marianne D. Holocaust testimony
HVT-4392,Eva G. Holocaust testimony
HVT-4441,Nelly G. Holocaust testimony
HVT-4100,Herta M. Holocaust testimony
HVT-0695,Hilda R. Holocaust testimony
HVT-0693,William F. Holocaust testimony
HVT-0086,Celina S. Holocaust testimony
HVT-0087,Niusia A. Holocaust testimony
HVT-0098,Irene S. Holocaust testimony
HVT-0121,Sylvia F. Holocaust testimony
HVT-0186,Esther and Charles G. Holocaust testimony
HVT-0189,Abraham O. Holocaust testimony
HVT-0429,Maurice M. Holocaust testimony
HVT-0430,Jay M. Holocaust testimony
HVT-0433,Leopold P. Holocaust testimony
HVT-0463,Marcel W. Holocaust testimony
HVT-0521,Rena R. Holocaust testimony
HVT-0588,Anna N. Holocaust testimony
HVT-0688,Henry R. Holocaust testimony
HVT-0737,Rosalie S. Holocaust testimony
HVT-0801,Ralph B. Holocaust testimony
HVT-0890,Julian M. Holocaust testimony
HVT-0947,Irene F. Holocaust testimony
HVT-1047,David R. Holocaust testimony
HVT-1078,Jacob H. Holocaust testimony
HVT-1118,Reena F. Holocaust testimony
HVT-1142,Louise J. Holocaust testimony
HVT-1230,Dora R. Holocaust testimony
HVT-1246,David W. Holocaust testimony
HVT-1250,Henry E. Holocaust testimony
HVT-1287,Felix F. Holocaust testimony
HVT-1327,Alex G. Holocaust testimony
HVT-1336,Bernice S. Holocaust testimony
HVT-1381,Erna R. Holocaust testimony
HVT-1430,Sonia W. Holocaust testimony
HVT-1447,Mania M. Holocaust testimony
HVT-1516,Jack R. Holocaust testimony
HVT-1546,Ada A. Holocaust testimony
HVT-1595,Raymond F. Holocaust testimony
HVT-1678,Joe D. Holocaust testimony
HVT-1696,Solomon S. Holocaust testimony
HVT-1703,Henry T. Holocaust testimony
HVT-1737,Miriam H. Holocaust testimony
HVT-1786,Regina L. Holocaust testimony
HVT-1822,Hela R. Holocaust testimony
HVT-1831,David J. Holocaust testimony
HVT-1832,Moshe B. Holocaust testimony
HVT-1842,Lipa A. Holocaust testimony
HVT-1876,Edward S. Holocaust testimony
HVT-1928,Sara L. Holocaust testimony
HVT-1947,Maurice S. Holocaust testimony
HVT-2016,Frederic B. Holocaust testimony
HVT-2077,Saul C. Holocaust testimony
HVT-2236,Helen R. Holocaust testimony
HVT-2303,Ludwig B. Holocaust testimony
HVT-2397,William S. Holocaust testimony
HVT-2461,Ida L. Holocaust testimony
HVT-2521,Celina H. Holocaust testimony
HVT-2575,Zachary A. Holocaust testimony
HVT-2696,Aneta W. Holocaust testimony
HVT-2744,Vera B. Holocaust testimony
HVT-2747,Halina S. Holocaust testimony
HVT-2816,Irving C. Holocaust testimony
HVT-2831,Al B. Holocaust testimony
HVT-2832,Joseph B. Holocaust testimony
HVT-2879,Maria B. Holocaust testimony
HVT-2887,Victor P. Holocaust testimony
HVT-2903,Leon F. Holocaust testimony
HVT-2913,Max H. Holocaust testimony
HVT-2914,Erna H. Holocaust testimony
HVT-2928,Victor L. Holocaust testimony
HVT-2929,Leon L. Holocaust testimony
HVT-2942,Abraham P. Holocaust testimony
HVT-2955,Sara W. Holocaust testimony
HVT-2956,Edith W. Holocaust testimony
HVT-2958,Isaac W. Holocaust testimony
HVT-3036,Else D. Holocaust testimony
HVT-3077,Lola A. Holocaust testimony
HVT-3106,Leon K. Holocaust testimony
HVT-3131,Celina R. Holocaust testimony
HVT-3153,Fiszel G. Holocaust testimony
HVT-3177,Franciczek N. Holocaust testimony
HVT-3180,Josef R. Holocaust testimony
HVT-3199,Meir B. Holocaust testimony
HVT-3218,Pawel K. Holocaust testimony
HVT-3249,Iaakov W. Holocaust testimony
HVT-3380,Henry S. Holocaust testimony
HVT-3438,Alexander H. Holocaust testimony
HVT-3496,Shlomo S. Holocaust testimony
HVT-3560,Lisa C. Holocaust testimony
HVT-3593,Girsh K. Holocaust testimony
HVT-3594,Tatyana G. Holocaust testimony
HVT-3595,Asja T. Holocaust testimony
HVT-3597,Arkadii T. Holocaust testimony
HVT-3601,Lazar T. Holocaust testimony
HVT-3609,Samuil K. Holocaust testimony
HVT-3613,Semion G. Holocaust testimony
HVT-3614,Iakov N. Holocaust testimony
HVT-3616,Sheima L. Holocaust testimony
HVT-3617,Vera S. Holocaust testimony
HVT-3619,Arkadi?i? P. Holocaust testimony
HVT-3620,Gregory K. Holocaust testimony
HVT-3621,Margarita F. Holocaust testimony
HVT-3639,Avraham K. Holocaust testimony
HVT-3642,Alexander A. Holocaust testimony
HVT-3648,Israel G. Holocaust testimony
HVT-3833,Mickal E. Holocaust testimony
HVT-0658,Sam H. Holocaust testimony
HVT-0766,Lola J. Holocaust testimony
HVT-1554,Celia K. Holocaust testimony
HVT-1709,Mildred W. Holocaust testimony
HVT-1723,Esther S. Holocaust testimony
HVT-1734,Larry K. Holocaust testimony
HVT-1799,Lea W. and Ruth S. Holocaust testimony
HVT-2048,Rose B. Holocaust testimony
HVT-2074,Yvonne S. Holocaust testimony
HVT-2644,Evelyn R. Holocaust testimony
HVT-2946,David R. Holocaust testimony
HVT-3029,Fela W. Holocaust testimony
HVT-3093,Serge V. Holocaust testimony
HVT-0668,Linda F. Holocaust testimony
HVT-0662,Charles A. Holocaust testimony
HVT-1300,Philip K. Holocaust testimony
HVT-1217,Leo B. Holocaust testimony
HVT-1903,Albert F. Holocaust testimony
HVT-1801,Jack S. Holocaust testimony
HVT-1938,"Irene K., Holocaust testimony"
HVT-2808,Sylvie S. Holocaust testimony
HVT-2679,Yehuda A. Holocaust testimony
HVT-0066,Shari B. Holocaust testimony
HVT-8061,Future imperfect
HVT-1014,Sam N. Holocaust testimony
HVT-3104,Fanka G. Holocaust testimony
HVT-1098,Anton P. Holocaust testimony
HVT-1099,Anton and Marion P. Holocaust testimony
HVT-1930,Sylvia J. Holocaust testimony
HVT-0274,Mitchell B. Holocaust testimony
HVT-2891,Toby Z. Holocaust testimony
HVT-4340,Max G. Holocaust testimony
HVT-2010,Rachel N. Holocaust testimony
HVT-0191,Frieda J. Holocaust testimony
HVT-0788,Leon W. Holocaust testimony
HVT-2165,Marcel W. Holocaust testimony
HVT-1497,Fred B. Holocaust testimony
HVT-1332,Henry F. Holocaust testimony
HVT-2826,Sora M. Holocaust testimony
HVT-2667,Fernande H. Holocaust testimony
HVT-2827,Esther S. Holocaust testimony
HVT-3221,Maxi L. Holocaust testimony
HVT-3469,Amanda S. Holocaust testimony
HVT-3452,Isidore R. Holocaust testimony
HVT-2100,Charles B. Holocaust testimony
HVT-0306,Bella B. Holocaust testimony
HVT-1115,Anna K. Holocaust testimony
HVT-1114,Abraham K. Holocaust testimony
HVT-1984,Itka Z. Holocaust testimony
HVT-0635,William K. Holocaust testimony
HVT-0623,Sabina S. Holocaust testimony
HVT-0584,Eva W. Holocaust testimony
HVT-2540,Michael R. Holocaust testimony
HVT-0045,Leon S. Holocaust testimony
HVT-1429,Elefterios S. Holocaust testimony
HVT-0940,Henry A. Holocaust testimony
HVT-0218,Simon H. Holocaust testimony
HVT-3445,Simon G. Holocaust testimony
HVT-0052,Emma S. Holocaust testimony
HVT-2198,Aleksandar M. Holocaust testimony
HVT-3580,Anica D. Holocaust testimony
HVT-2639,Pearl T. Holocaust testimony
HVT-0641,Martin S. Holocaust testimony
HVT-0001,Eva B. Holocaust testimony
HVT-1101,Eva B. Holocaust testimony
HVT-0050,Rene?e H. Holocaust testimony
HVT-0260,Mary E. Holocaust testimony
HVT-0318,Robert K. Holocaust testimony
HVT-0976,Renee G. Holocaust testimony
HVT-1855,Sybilla F. Holocaust testimony
HVT-1879,Judith G. Holocaust testimony
HVT-2680,Leo B. Holocaust testimony
HVT-3132,Nadia R. Holocaust testimony
HVT-0173,Karl S. Holocaust testimony
HVT-0933,Annette G. Holocaust testimony
HVT-1154,Sally H. Holocaust testimony
HVT-0971,Hanna F. Holocaust testimony
HVT-2293,Rena C. Holocaust testimony
HVT-0005,Rene?e G. Holocaust testimony
HVT-0100,Zezette L. Holocaust testimony
HVT-0044,Oscar R. Holocaust testimony
HVT-0363,Arnold C. Holocaust testimony
HVT-0869,Josephine B. Holocaust testimony
HVT-2678,Ruth A. Holocaust testimony
HVT-2068,Blanche H. Holocaust testimony
HVT-1533,Aaron S. Holocaust testimony
HVT-2045,Alina Z. Holocaust testimony
HVT-1315,Clemens L. Holocaust testimony
HVT-0072,Beatrice S. Holocaust testimony
HVT-1091,Martin S. Holocaust testimony
HVT-2148,Hilda S. Holocaust testimony
HVT-0618,Samuel B. Holocaust testimony
HVT-2741,David K. Holocaust testimony
HVT-0085,Kochevit P. Holocaust testimony
HVT-0897,Ernest R. Holocaust testimony
HVT-0977,Leo G. Holocaust testimony
HVT-0081,Henry and Chana F. Holocaust testimony
HVT-0092,Chana B. Holocaust testimony
HVT-0154,"Albert, Gina, and Kurt K. Holocaust testimony"
HVT-0144,Emina N. and Miriam W. Holocaust testimony
HVT-0146,Walter S. Holocaust testimony
HVT-0213,Adele W. Holocaust testimony
HVT-1650,Violet S. Holocaust testimony
HVT-0253,Salomon M. Holocaust testimony
HVT-0700,Claude L. Holocaust testimony
HVT-0969,Dori K. Holocaust testimony
HVT-1637,Nat G. Holocaust testimony
HVT-0046,Dori L. Holocaust testimony
HVT-0593,Dori L. Holocaust testimony
HVT-0059,Dori K. Holocaust testimony
HVT-0115,Frania R. Holocaust testimony
HVT-1537,Jacqueline R. Holocaust testimony
HVT-0974,Edith P. Holocaust testimony
HVT-0136,Hanna G. Holocaust testimony
HVT-0287,Sabina G. Holocaust testimony
HVT-0622,Zev H. Holocaust testimony
HVT-0657,Rose W. Holocaust testimony
HVT-1351,Arthur B. Holocaust testimony
HVT-0284,Alan Z. Holocaust testimony
HVT-1850,Clara L. Holocaust testimony
HVT-1880,Michael G. Holocaust testimony
HVT-1892,Meir V. Holocaust testimony
HVT-2609,Esther W. Holocaust testimony
HVT-2854,Aladar M. Holocaust testimony
HVT-3260,Nina S. Holocaust testimony
HVT-0876,Susan S. Holocaust testimony
HVT-2740,Amelia B. Holocaust testimony
HVT-2742,Julien E. Holocaust testimony
HVT-2761,Harry F. Holocaust testimony
HVT-0163,Pincus and Sylvia S. Holocaust testimony
HVT-0176,Marc S. Holocaust testimony
HVT-0571,Edith G. Holocaust testimony
HVT-0579,Abraham E. Holocaust testimony
HVT-0854,Sol F. Holocaust testimony
HVT-1881,Marian N. Holocaust testimony
HVT-1897,Morris R. Holocaust testimony
HVT-2188,Samuel and Wolf Z. Holocaust testimony
HVT-2254,Eva V. Holocaust testimony
HVT-2256,Rita L. Holocaust testimony
HVT-2762,Alfred F. Holocaust testimony
HVT-2809,Hubert W. Holocaust testimony
HVT-2830,Herbert L. Holocaust testimony
HVT-2853,Helen L. Holocaust testimony
HVT-3261,Solomon L. Holocaust testimony
HVT-0177,Hanna D. Holocaust testimony
HVT-2767,Lilly L. Holocaust testimony
HVT-2769,Marta E. Holocaust testimony
HVT-2770,Willi E. Holocaust testimony
HVT-2796,Sophie R. Holocaust testimony
HVT-2802,August D. Holocaust testimonies
HVT-2803,Friedrich R. Holocaust testimony
HVT-2805,Karl W. Holocaust testimony
HVT-2806,Reinhold R. Holocaust testimony
HVT-2807,Friedrich L. Holocaust testimony
HVT-2811,Paul W. Holocaust testimony
HVT-2813,Gerhard B. Holocaust testimony
HVT-2814,Konrad S. Holocaust testimony
HVT-2815,Brigitte W. Holocaust testimony
HVT-0305,Ella and Leon S. Holocaust testimony
HVT-1638,Rose M. Holocaust testimony
HVT-0179,Serena N. Holocaust testimony
HVT-0183,Rose A. Holocaust testimony
HVT-1064,Shlomo P. Holocaust testimony
HVT-0231,William P. Holocaust testimony
HVT-0881,Maria Gilda S. Holocaust testimony
HVT-1987,Sonia R. Holocaust testimony
HVT-0632,Gabriella Z. Holocaust testimony
HVT-1654,Rena B. Holocaust testimony
HVT-0861,Esther K. Holocaust testimony
HVT-0101,Ena L. Holocaust testimony
HVT-0354,Alfred S. Holocaust testimony
HVT-1798,Louis G. Holocaust testimony
HVT-0959,Frances B. Holocaust testimony
HVT-0960,Murray B. Holocaust testimony
HVT-0110,Ralph F. Holocaust testimony
HVT-0156,Lois and Abraham J. Holocaust testimony
HVT-0194,Benjamin M. Holocaust testimony
HVT-0157,Jack P. Holocaust testimony
HVT-0221,Sonia M. Holocaust testimony
HVT-0023,Shirley W. Holocaust testimony
HVT-0038,Libby and Sidney G. Holocaust testimony
HVT-0582,Sam F. Holocaust testimony
HVT-0833,Allen S. Holocaust testimony
HVT-0276,Annelies H. Holocaust testimony
HVT-1866,Annelies H. Holocaust testimony
HVT-1763,Ruth G. Holocaust testimony
HVT-0619,Ruth W. Holocaust testimony
HVT-0901,Jacob W. Holocaust testimony
HVT-0104,Gregor S. Holocaust testimony
HVT-1369,Perla Lina K. Holocaust testimony
HVT-0805,Lev A. Holocaust testimony
HVT-0015,Helene R. Holocaust testimony
HVT-0532,Frank S. Holocaust testimony
HVT-4465,George Z. Holocaust testimony
HVT-1272,Sibylle H. Holocaust testimony
HVT-0204,Ellen S. Holocaust testimony
HVT-2743,Magdolina S. Holocaust testimony
HVT-1109,Fanny L. Holocaust testimony
HVT-0040,Martha K. Holocaust testimony
HVT-1201,Lola S. Holocaust testimony
HVT-0030,Frank S. Holocaust testimony
HVT-0095,Elizabeth D. Holocaust testimony
HVT-0039,Harry T. Holocaust testimony
HVT-1277,Betsy H. Holocaust testimony
HVT-0810,Fanya H. Holocaust testimony
HVT-1108,Sara B. Holocaust testimony
HVT-1668,Edith A. Holocaust testimony
HVT-1670,Rose A. Holocaust testimony
HVT-0080,Henri B. Holocaust testimony
HVT-1156,Lore B. Holocaust testimony
HVT-2479,Carl H. Holocaust testimony
HVT-2643,Eric H. Holocaust testimony
HVT-2443,Adele J. Holocaust testimony
HVT-2481,Laure K. Holocaust testimony
HVT-2081,Charles R. Holocaust testimony
HVT-0849,Vera R. Holocaust testimony
HVT-2656,Vivette S. Holocaust testimony
HVT-1062,Shalom T. Holocaust testimony
HVT-2659,Felix W. Holocaust testimony
HVT-1789,Ruth N. Holocaust testimony
HVT-0956,Maximilian L. Holocaust testimony
HVT-3205,Oscar A. Holocaust testimony
HVT-3203,Moussa and Odette A. Holocaust testimony
HVT-0793,Marianne B. Holocaust testimony
HVT-0310,Clara M. Holocaust testimony
HVT-4012,David B. Holocaust testimony
HVT-2634,Monique B. Holocaust testimony
HVT-1208,Boris A. Holocaust testimony
HVT-0722,Bela E. Holocaust testimony
HVT-2603,Suzanne H. Holocaust testimony
HVT-1092,Ivar S. Holocaust testimony
HVT-0190,Shalom S. Holocaust testimony
HVT-0028,Alex F. Holocaust testimony
HVT-0297,Rabbi Armin F. Holocaust testimony
HVT-0291,Dorothy R. Holocaust testimony
HVT-0283,Halina Z. Holocaust testimony
HVT-0680,Ann R. Holocaust testimony
HVT-1086,Fany K. Holocaust testimony
HVT-0193,Lepa M. Holocaust testimony
HVT-2204,Debora K. Holocaust testimony
HVT-3557,Edo S. Holocaust testimony
HVT-1324,Josip E. Holocaust testimony
HVT-2217,Cadik-Braca D. Holocaust testimony
HVT-2208,Eva T. Holocaust testimony
HVT-2017,Isabelle G. Holocaust testimony
HVT-1446,Judah N. Holocaust testimony
HVT-2512,Eli W. Holocaust testimony
HVT-0943,Fred O. Holocaust testimony
HVT-2258,Ilse K. Holocaust testimony
HVT-0612,Rabbi Anshel W. Holocaust testimony
HVT-0292,Kathe K. Holocaust testimony
HVT-0199,Adrienne K. Holocaust testimony
HVT-0931,Adrienne K. Holocaust testimony
HVT-0077,Rosita K. Holocaust testimony
HVT-2926,Frima L. Holocaust testimony
HVT-1711,Lily M. Holocaust testimony
HVT-0400,Thomas B. Holocaust testimony
HVT-2047,Fred B. Holocaust testimony
HVT-1473,Rochelle S. Holocaust testimony
HVT-1329,Max H. and Johanna J. Holocaust testimony
HVT-1213,Liane R. Holocaust testimony
HVT-2875,Erwin B. Holocaust testimony
HVT-1029,Gerda H. Holocaust testimony
HVT-0042,Selma E. Holocaust testimony
HVT-0543,Marion L. Holocaust testimony
HVT-0567,Charlotte R. Holocaust testimony
HVT-1396,Betty L. Holocaust testimony
HVT-2511,Sarah W. Holocaust testimony
HVT-1399,Zena G. Holocaust testimony
HVT-0426,Beba L. Holocaust testimony
HVT-2751,Sonia W. Holocaust testimony
HVT-0631,Leopold Z. Holocaust Testimony
HVT-2617,Erika M. Holocaust testimony
HVT-1224,Ernest P. Holocaust testimony
HVT-1371,Herma R. Holocaust testimony
HVT-3970,Charles H. Holocaust testimony
HVT-2263,William N. Holocaust testimony
HVT-2837,Vladimir P. Holocaust testimony
HVT-3272,Peter L. Holocaust testimony
HVT-3270,Lidia G. Holocaust testimony
HVT-3608,Iurii G. Holocaust testimony
HVT-0147,David L. Holocaust testimony
HVT-0404,Marion C. Holocaust testimony
HVT-1107,Jan K. Holocaust testimony
HVT-0414,Alice H. Holocaust testimony
HVT-0538,Norman L. Holocaust testimony
HVT-2700,Maria M. Holocaust testimony
HVT-1834,Oswald R. Holocaust testimony
HVT-1645,Sonia D. Holocaust testimony
HVT-3268,Olga R. Holocaust testimony
HVT-3267,Maria G. Holocaust testimony
HVT-2327,Bluma B. Holocaust testimony
HVT-2367,Kenneth R. Holocaust testimony
HVT-0413,Isadore H. Holocaust testimony
HVT-3297,Mikhail B. Holocaust testimony
HVT-3299,"Isaac B., Boris L., and Isiya M. Holocaust testimony"
HVT-3293,Zinaida M. Holocaust testimony
HVT-3273,Tatiana S. Holocaust testimony
HVT-3742,Leonid B. Holocaust testimony
HVT-1317,Sigi Z. Holocaust testimony
HVT-0029,Eva S. Holocaust testimony
HVT-0010,Krystyna S. Holocaust testimony
HVT-0196,Hilde C. Holocaust testimony
HVT-8062,Rachel G. edited testimony
HVT-8039,Edith P. edited testimony
HVT-8035,Helen K. edited testimony
HVT-0615,Abraham S. Holocaust testimony
HVT-3311,Genya B. Holocaust testimony
HVT-2647,Jacques M. Holocaust testimony
HVT-3470,Emile V. Holocaust testimony
HVT-4014,Jean-Michel D. Holocaust testimony
HVT-1090,Vera K. Holocaust testimony
HVT-3027,Pearl P. Holocaust testimony
HVT-3211,Henri E. Holocaust testimony
HVT-2999,Arthur H. Holocaust testimony
HVT-0725,Leon Z. Holocaust testimony
HVT-3245,Aliza B. Holocaust testimony
HVT-0736,William S. Holocaust testimony
HVT-0949,Julius O. Holocaust testimony
HVT-1848,Jack L. Holocaust testimony
HVT-2654,Jean L. Holocaust testimony
HVT-2556,Anita S. Holocaust testimony
HVT-4398,Samuel W. Holocaust testimony
HVT-0109,Annie C. Holocaust testimony with Jackie B.
HVT-0148,Erena A. Holocaust testimony
HVT-1679,Saul F. Holocaust testimony
HVT-2847,Hanna K. Holocaust testimony
HVT-3126,Marion O. Holocaust testimony
HVT-3222,Eva M. Holocaust testimony
HVT-3463,Jean-Franc?ois N. Holocaust testimony
HVT-2092,Odette A. Holocaust testimony
HVT-2157,Violette J. Holocaust testimony
HVT-2264,John W. Holocaust testimony
HVT-2636,Jeanne A. Holocaust testimony
HVT-2648,Adolphe F. Holocaust testimony
HVT-2674,Rayzla R. Holocaust testimony
HVT-2686,Stanley S. Holocaust testimony
HVT-2841,Odette B. Holocaust testimony
HVT-0327,Joza K. Holocaust testimony
HVT-0319,Peter D. Holocaust testimony
HVT-0239,Inge A. Holocaust testimony
HVT-1454,Paul P. Holocaust testimony
HVT-2111,Frank B. Holocaust testimony
HVT-0707,Hilda S. Holocaust testimony
HVT-2116,Klara H. Holocaust testimony
HVT-0952,Manek F. Holocaust testimony
HVT-1267,Betty D. Holocaust testimony
HVT-0545,Lilli K. Holocaust testimony
HVT-0233,Gunther S. Holocaust testimony
HVT-0188,Bert L. Holocaust testimony
HVT-1415,Joseph K. Holocaust testimony
HVT-2402,Harry B. Holocaust testimony
HVT-2723,David C. Holocaust testimony
HVT-3770,Harry W. Holocaust testimony
HVT-1913,Louis H. Holocaust testimony
HVT-2028,Roman S. Holocaust testimony
HVT-1386,Herbert J. Holocaust testimony
HVT-2963,Aron B. Holocaust testimony
HVT-3526,Larry F. Holocaust testimony
HVT-3154,Binem F. Holocaust testimony
HVT-1718,Leon J. Holocaust testimony
